email,password
vznrnrxz@outlook.com,vznrnrxz@123
fkcblbev@yahoo.com,fkcblbev@123
uwrbgwrq@outlook.com,uwrbgwrq@123
wduwghhi@outlook.com,wduwghhi@123
nnbwixvi@gmail.com,nnbwixvi@123
bmbwkyhq@gmail.com,bmbwkyhq@123
xyasbstf@outlook.com,xyasbstf@123
dkmeclgd@example.com,dkmeclgd@123
sfsfpmit@gmail.com,sfsfpmit@123
enuqxgst@example.com,enuqxgst@123
wkpotuos@example.com,wkpotuos@123
rkmlaxjo@outlook.com,rkmlaxjo@123
qyfludvf@outlook.com,qyfludvf@123
pvwvyrfk@outlook.com,pvwvyrfk@123
zecuplkr@example.com,zecuplkr@123
bjhzpeky@gmail.com,bjhzpeky@123
wgatnhjo@yahoo.com,wgatnhjo@123
hjmwbwsq@example.com,hjmwbwsq@123
oehzrhui@yahoo.com,oehzrhui@123
fnappkbl@yahoo.com,fnappkbl@123
tbxhnltb@yahoo.com,tbxhnltb@123
uudftciz@example.com,uudftciz@123
fnoewzgr@yahoo.com,fnoewzgr@123
jrkwfwgz@example.com,jrkwfwgz@123
fwgqtbbg@gmail.com,fwgqtbbg@123
vcqabjvo@yahoo.com,vcqabjvo@123
jtzzuqcf@yahoo.com,jtzzuqcf@123
ycivzkul@gmail.com,ycivzkul@123
ntknpaie@outlook.com,ntknpaie@123
dglwlspo@example.com,dglwlspo@123
gavqcqfz@yahoo.com,gavqcqfz@123
fazvfjwo@gmail.com,fazvfjwo@123
uwnsvewi@gmail.com,uwnsvewi@123
zmeykbin@yahoo.com,zmeykbin@123
srnfnodf@yahoo.com,srnfnodf@123
jjpnbmse@outlook.com,jjpnbmse@123
bwokpavk@gmail.com,bwokpavk@123
qwlkcwsa@outlook.com,qwlkcwsa@123
lbbdglsx@example.com,lbbdglsx@123
xhauckjs@yahoo.com,xhauckjs@123
ziczaarc@yahoo.com,ziczaarc@123
aztjpmmd@yahoo.com,aztjpmmd@123
bylsuvof@example.com,bylsuvof@123
aeerktmr@gmail.com,aeerktmr@123
cfvpveiy@outlook.com,cfvpveiy@123
tcxdcpoi@example.com,tcxdcpoi@123
nrtzijhg@outlook.com,nrtzijhg@123
uyugivsc@outlook.com,uyugivsc@123
avxsvqfc@example.com,avxsvqfc@123
vfbpqgoz@gmail.com,vfbpqgoz@123